Max Value,Method
0.5,C
1.0,A
1.0,E
1.0,E
1.0,A
0.9,C
0.35555555555555557,B
0.5245901639344263,B
